http://bothot.co.za/contact-us/,others
http://bothot.co.za/about/,about
http://botsesafaris.com/hunting,others
http://botsesafaris.com/about-us,about
https://www.bouldersbeachlodge.com/boulders-beach-accommodation/,others
http://bowenarrowmotel.com/testimonials,others
http://bridgefunctions.co.za/Pages/About-Us.asp,about
https://www.breezeguesthouse.co.za/overnight-accommodation-vaal-triangle-vereeniging-rates/,others
http://bowenarrowmotel.com/about,about
http://broomsestatelodge.co.za/about/,about
http://bridgefunctions.co.za/Pages/Gallery.asp,others
http://thebroady.com.au/#our-menu,others
http://chanteclerhotel.co.za/about/,about
https://www.ciaralodge.co.za/about-us,about
http://broomsestatelodge.co.za/gallery/,others
http://www.clarksinn.in/about-us/,about
http://www.buitenverwagten.co.za/karoo-blog.html,others
https://clico.co.za/about/,about
http://buffelshoekdirosielodge.co.za/gallery.php,others
http://bunclody.co.za/Rooms/standard.html,others
https://produvia.com/about-us.html,about
http://www.cchotel.co.za/contact/,others
http://absolutebeach.co.za/contact-2-2/,about
https://www.buydomains.com/about-buydomains/,about
https://www.w3.org/Consortium/,about
https://www.adobe.com/africa/about-adobe.html?promoid=2NVQCDBQ&mv=other,about
https://wordpress.com/about/,about
https://github.com/about,about
https://statcounter.com/support/contact/,others
https://statcounter.com/careers/,others
https://www.jimdo.com/about-jimdo/,about
https://www.jimdo.com/about-jimdo/press/,others
https://www.weebly.com/about,about
https://www.weebly.com/contact,others
https://www.addthis.com/about/,about
https://www.addthis.com/careers/,others
https://www.wix.com/blog/,others
https://help.dropbox.com/security/cookies,others
https://www.wix.com/about/us,about
https://www.dropbox.com/developers,others
https://www.dropbox.com/about,about
https://www.msn.com/en-xl/africa/nigeria/us-releases-list-of-nigerians-arrested-for-fresh-multi-million-dollar-fraud/ar-BBWleyQ?li=BBQbhAJ,others