https://www.khwattu.org/about,About
https://www.khwattu.org/contact/,Contact
https://www.khwattu.org/,Homepage
http://1202-on-cowgill.business.site/,Homepage
http://1202-on-cowgill.business.site/about,About
http://1202-on-cowgill.business.site/#gallery,Gallery
http://1202-on-cowgill.business.site/#details,Contact
http://15-witpeer-street-guesthouse.business.site/about,About
http://15-witpeer-street-guesthouse.business.site/#details,Contact
http://15-witpeer-street-guesthouse.business.site/#gallery,Gallery
http://22dielaan.co.za/,Homepage
http://15-witpeer-street-guesthouse.business.site/,Homepage
http://22dielaan.co.za/blog,Blog
http://30onwhites.co.za/,Homepage
http://30onwhites.co.za/about-us,About
http://30onwhites.co.za/contact-us/,Contact
http://4-winds-guest-lodge.business.site/,Homepage
http://4-winds-guest-lodge.business.site/#gallery,Gallery
http://4-winds-guest-lodge.business.site/#details,Contact
http://65oncliff.com/,Homepage
http://65oncliff.com/about-us/,About
http://65oncliff.com/gallery/,Gallery
http://65oncliff.com/blog/,Blog
http://65oncliff.com/contact-us/,Contact
http://7-on-disa-self-catering-accommodation.business.site/,Homepage
http://7-on-disa-self-catering-accommodation.business.site/about,About
http://7-on-disa-self-catering-accommodation.business.site/#details,Contact
http://7-on-disa-self-catering-accommodation.business.site/#gallery,Gallery
http://78on5th.co.za/,Homepage
http://78on5th.co.za/about/,About
http://78on5th.co.za/contact/,Contact
http://80onbenade.co.za/about/,About
http://93oncelliers.co.za/about-us/,About
http://abendruheguesthouse.co.za/index.php/about-us2,About
http://adventuretrails.co.za/blog/about-lammergeier-highlands-reserve/,About
http://africanarraylodge.co.za/company/about-us/,About
http://amourlefleur.co.za/about-us/,About
http://aogconference.co.za/index.php/about-us1,About
http://arlingtonsuites.net/about-arlington-2,About
http://arnot-guesthouse-accommodation.business.site/about,About
http://ashbournescape.co.za/about/,About
http://atherstone.myfreesites.net/about,About
http://awhitehouse.co.za/about-a-white-house/,About
http://backpackersparadise.net/about-us/,About
http://barry-house-on-riverton.business.site/about,About
http://baviaansklooflodge.com/about/local-community/,About
http://belgiumsafarilodge.co.za/about/,About
http://belvedereestate.co.za/about-us/,About
http://belvedereestate.co.za/about-us/,About
http://bethelguesthouse.co.za/about-us/,About
http://bettysboutiquehotel.co.za/about-us/,About
http://bishopsinn.co.za/about-us/,About
http://bmyguest-guesthouse.business.site/about,About
http://bnbeachcombers.co.za/About-Us/,About
http://boschenmeerlodges.co.za/about/,About
http://bostonhamptoninn.com/en/about/index.html,About
http://bothot.co.za/about/,About
http://botsesafaris.com/about-us,About
http://bridgefunctions.co.za/Pages/About-Us.asp,About
http://bromontcondohotel.com/about-us/media/,About
http://broomsestatelodge.co.za/about/,About
http://bushriver.co.za/about,About
http://bushriver.co.za/about/contact,Contact
http://canberraexecutiveapartments.com.au/about-canberra/,About
http://capepetotel.co.za/about-us/,About
http://casa-mia.co.za/pages/about-us/,About
http://casacara.co.za/casa-cara-vaal-dam-vaaldam-about/,About
http://cederberg-rockhaven.co.za/about,About
http://chanteclerhotel.co.za/about/,About
http://cheasaspeakgamelodge.co.za/index.php/#about,About
http://chindereraecolodge.com/about-us/,About
http://chocolateboxgb.co.za/about/,About
http://clhg.com/about-clhg-rewards,About
http://coega-harbour-view-bed-and-breakfast.business.site/about,About
http://colonacastle.co.za/about-us,About
http://danscountrylodge.co.za/about-us/,About
http://darcyshotel.com.au/about-us/,About
http://de-kleijne-bos.business.site/about,About
http://delareyhouse.co.za/about.html,About
http://dellville-farmhouse-bb.business.site/about,About
http://deneysville.co.za/about-deneysville/,About
http://die-windpomp-gastehuis.business.site/about,About
http://disalodge.co.za/index.php/about/,About
http://dolphinwhisper.co.za/about-us/,About
http://doubletree3.hilton.com/en/about/index.html,About
http://draaiberg.weebly.com/about.html,About
http://magoebaskloofmountainlodge.business.site/about,About
http://mahikengguest.co.za/about-us/,About
http://makgabenglodge.co.za/about-us/,About
http://mantisownerscollection.com/about-us/,About
http://mantisownerscollection.com/about-us/,About
http://marriott.com/about/privacy.mi,About
http://mbselfcatering.jimdo.com/about-us/,About
http://mbselfcatering.jimdo.com/about/,About
http://menziesaviation.com/about/,About
http://merindavillagehotel.com.au/about-us/,About
http://merlotmanor.co.za/guesthouse/about/,About
http://miratonguestlodge.co.za/about-us/,About
http://mirisaguesthouse.co.za/index.php/about-us/,About
http://mistymorncottages.co.za/about/,About
http://modjiemediguesthouse.co.za/index.php/about-us-2/,About
http://mokopanehotel.co.za/about-us-2/,About
http://montereytides.com/about,About
http://montplaisir.co.za/index.php/about-mont-plaisir/about-us,About
http://mooiplaasguesthouse.co.za/the-area/about-the-area/,About
http://mount-molson.ca/content/about-mt-molson,About
http://mountshekinah.co.za/about-us/,About
http://mpeti.co.za/about/,About
http://mrpelljbay.co.za/#about,About
http://mulberrycottage.co.za/about.html,About
http://nakai.co.za/about-nakai,About
http://ndoueventsparadise.co.za/about-us/,About
http://nyaletilodge.co.za/about-ii/,About
http://nyaletilodge.co.za/?page_id=240/#Aboutus,About
http://oakhampton.co.za/about-us,About
http://adventuretrails.co.za/blog,Blog
http://africanarraylodge.co.za/company/blog/,Blog
http://alleebleue.co.za/blog/,Blog
http://appleandspice.co.za/blog/,Blog
http://ascotbushlodge.co.za/blog/,Blog
http://blackoliveguesthouse.co.za/blog-page-with-right-sidebar/,Blog
http://boschenmeerlodges.co.za/category/blog/,Blog
http://bothot.co.za/blog,Blog
http://buitenverwagten.co.za/karoo-blog.html,Blog
http://clhg.com/blog,Blog
http://crocbridge.co.za/blog,Blog
http://curiocity.africa/blog,Blog
http://dejaviewguesthouse.com/blog,Blog
http://dezoeterust.co.za/blog/,Blog
http://makgabenglodge.co.za/category/blog,Blog
http://mantisandmoon.net/blog,Blog
http://mantisownerscollection.com/blog/,Blog
http://meloranisafaris.com/blog/,Blog
http://mokopanehotel.co.za/blog/,Blog
