valid_website,name

http://obesalodge.co.za/,obesalodge.co.za
http://oceangolf.co.za/,oceangolf.co.za
http://oceanichotelfalmouth.co.uk/,oceanichotelfalmouth.co.uk
http://oceansunset.co.za/contact.php,oceansunset.co.za
http://oceanview-house.com/,oceanview-house.com
http://oceanview.co.za/,oceanview.co.za
http://oceanviewlodge.co.za/,oceanviewlodge.co.za
http://oceanvillas.co.za/,oceanvillas.co.za
http://oewerpalmsview.co.za/,oewerpalmsview.co.za
http://oldmilltoronto.com/,oldmilltoronto.com
http://oldmissionhouse.net/,oldmissionhouse.net
http://olifantskoplodge.co.za/,olifantskoplodge.co.za
http://olifantsriversafaris.co.za/,olifantsriversafaris.co.za
http://olivegrovelodge.co.za,olivegrovelodge.co.za
http://olivehillguesthouse.co.za/,olivehillguesthouse.co.za
http://olivers.co.za/,olivers.co.za
http://oliviersrust.co.za/,oliviersrust.co.za
http://oluchilodge.co.za/,oluchilodge.co.za
http://oma-miemies-farmstall.business.site/,oma-miemies-farmstall.business.site
http://onetoman.co.za/,onetoman.co.za
http://ontherocksbeachhouse.co.za/,ontherocksbeachhouse.co.za
http://oom-at-se-huisie.business.site/,oom-at-se-huisie.business.site
http://ophirtonhotel.co.za/contact-us/,ophirtonhotel.co.za
http://oppirivier.co.za/,oppirivier.co.za
http://orangeriverhotel.co.za/,orangeriverhotel.co.za
http://oranjerus.com/index.html,oranjerus.com
http://orehouseinn.com/,orehouseinn.com
http://oriaguesthouse.co.za/,oriaguesthouse.co.za
http://oryxhill.co.za/,oryxhill.co.za
http://otters.co.za/,otters.co.za
http://oubaaihotels.com/,oubaaihotels.com
http://oudebosch.co.za/,oudebosch.co.za
http://oudebosch.co.za/,oudebosch.co.za
http://oudedenneboom.co.za/,oudedenneboom.co.za
http://oudeschuurboutiqueguesthouse.southafricahotels.website/,oudeschuurboutiqueguesthouse.southafricahotels.website
http://outeniquaenroute.co.za/,outeniquaenroute.co.za
http://outeniquaenroute.co.za/,outeniquaenroute.co.za
http://outofafricaguesthouse.co.za/,outofafricaguesthouse.co.za
http://ouvellies.bethulie.info/,ouvellies.bethulie.info
http://ow.ly/Zrw7302Q2W4,ow.ly
http://owenscamp.co.za/,owenscamp.co.za
http://oyster-bay-beach-lodge.business.site/,oyster-bay-beach-lodge.business.site
http://oystercatcheraccom.co.za/,oystercatcheraccom.co.za
http://pabalagamefarm.co.za/,pabalagamefarm.co.za
http://pablohouse.co.za/,pablohouse.co.za
http://pafurimoz.co.za/,pafurimoz.co.za
http://palinggat.co.za/,palinggat.co.za
http://pallottines.co.za/the-pallotti-farm-queenstown/,pallottines.co.za
http://palmietvalleyestate.co.za/,palmietvalleyestate.co.za
http://palmlodgetoti.co.za/,palmlodgetoti.co.za
http://palmsplace.co.za/,palmsplace.co.za
http://palmviewapartments.com/,palmviewapartments.com
http://panorama.amadihotels.com/,panorama.amadihotels.com
http://paradisecreek.co.za/,paradisecreek.co.za
http://paradisereggaeresort.com-jamaica.com/,paradisereggaeresort.com-jamaica.com
http://pararaholidayresort.co.za/,pararaholidayresort.co.za
http://parkhotel.co.za/,parkhotel.co.za
http://parksedgebb.southafricahotels.website/,parksedgebb.southafricahotels.website
http://parys.villagelodge.co.za/,parys.villagelodge.co.za
http://parysguestlodge.co.za/,parysguestlodge.co.za
http://passifleur.business.site/,passifleur.business.site
http://peacecorner.co.za/,peacecorner.co.za
http://peacehavenguesthouse.com/,peacehavenguesthouse.com
http://peacehavenguesthouse.com/,peacehavenguesthouse.com
http://pearston-hotel.business.site/,pearston-hotel.business.site
http://peerlesshotels.co.in/kolkata/index.html,peerlesshotels.co.in
http://pemberleybedandbreakfast.co.uk/,pemberleybedandbreakfast.co.uk
http://penguinsview.co.za/,penguinsview.co.za
http://pennylaneguesthouse.co.za/,pennylaneguesthouse.co.za
http://pennylanelodge.co.za/,pennylanelodge.co.za
http://penta.im/,penta.im
http://petaplace.southafricahotels.website/,petaplace.southafricahotels.website
http://petrusburg.co.za/,petrusburg.co.za
http://phakelalodge.co.za/,phakelalodge.co.za
http://phantomcroft.co.za/,phantomcroft.co.za
http://phumelelolodge.co.za/,phumelelolodge.co.za
http://phumelelolodge.co.za/,phumelelolodge.co.za
http://picturethis.co.za/,picturethis.co.za
http://pietretieflaguesthouse.co.za/,pietretieflaguesthouse.co.za
