valid_website,
http://diedorpshuis.co.za/,diedorpshuis.co.za
http://diehut.co.za/,diehut.co.za
http://diekaiaresort.co.za/,diekaiaresort.co.za
http://dieselandcreme.co.za/,dieselandcreme.co.za
http://diesuidooster.co.za/,diesuidooster.co.za
http://disalodge.co.za/,disalodge.co.za
http://dolphinwhisper.co.za/,dolphinwhisper.co.za
http://domaineducap.co.za/,domaineducap.co.za
http://domeinn.co.za/,domeinn.co.za
http://doornkopresort.co.za/,doornkopresort.co.za
http://doubletree3.hilton.com/en/hotels/florida/doubletree-suites-by-hilton-hotel-melbourne-beach-oceanfront-MLBBODT/index.html,doubletree3.hilton.com
http://doubletree3.hilton.com/en/hotels/illinois/doubletree-by-hilton-hotel-chicago-ohare-airport-rosemont-CHIDTDT/index.html,doubletree3.hilton.com
http://doubletree3.hilton.com/en/hotels/illinois/doubletree-by-hilton-hotel-chicago-wood-dale-elk-grove-CHIWDDT/index.html,doubletree3.hilton.com
http://doubletree3.hilton.com/en/hotels/netherlands/doubletree-by-hilton-amsterdam-centraal-station-AMSCSDI/index.html?WT.mc_id=zELWAKN0EMEA1DT2DMH3LocalSearch4DGGenericx6AMSCSDI,doubletree3.hilton.com
http://doubletree3.hilton.com/en/hotels/netherlands/doubletree-by-hilton-hotel-amsterdam-ndsm-wharf-AMSADDI/index.html?WT.mc_id=zELWAKN0EMEA1DT2DMH3LocalSearch4DGGenericx6AMSADDI,doubletree3.hilton.com
http://doubletree3.hilton.com/en/hotels/south-africa/doubletree-by-hilton-hotel-cape-town-upper-eastside-CPTUEDI/index.html?WT.mc_id=zELWAKN0EMEA1DT2DMH3LocalSearch4DGGenericx6CPTUEDI,doubletree3.hilton.com
http://doubletree3.hilton.com/en/hotels/united-kingdom/doubletree-by-hilton-hotel-and-spa-liverpool-LPLDLDI/index.html?WT.mc_id=zELWAKN0EMEA1DT2DMH3LocalSearch4DGGenericx6LPLDLDI,doubletree3.hilton.com
http://doubletree3.hilton.com/en/hotels/united-kingdom/doubletree-by-hilton-hotel-at-the-ricoh-arena-coventry-CVTRADI/index.html?WT.mc_id=zELWAKN0EMEA1DT2DMH3LocalSearch4DGGenericx6CVTRADI,doubletree3.hilton.com
http://doubletree3.hilton.com/en/hotels/united-kingdom/doubletree-by-hilton-hotel-coventry-CVTHNDI/index.html?WT.mc_id=zKREC0GB1DT2NaturalSearch3Google_LGHotelListing4DGGeneric_Nov5LocalSearch6CVTHNDI7EN8i2,doubletree3.hilton.com
http://doubletree3.hilton.com/en/hotels/united-kingdom/doubletree-by-hilton-hotel-edinburgh-city-centre-EDICCDI/index.html?WT.mc_id=zELWAKN0EMEA1DT2DMH3LocalSearch4DGGenericx6EDICCDI,doubletree3.hilton.com
http://doubletree3.hilton.com/en/hotels/united-kingdom/doubletree-by-hilton-hotel-glasgow-central-GLAGWDI/index.html?WT.mc_id=zLMDA0GB1DT2DMH3Display4DGGeneric_Jun5LocalSearch6GLAGWDI7EN8i1,doubletree3.hilton.com
http://doubletree3.hilton.com/en/hotels/united-kingdom/doubletree-by-hilton-hotel-leeds-city-centre-LBACCDI/index.html?WT.mc_id=zELWAKN0EMEA1DT2DMH3LocalSearch4DGGenericx6LBACCDI,doubletree3.hilton.com
http://doubletree3.hilton.com/en/hotels/united-kingdom/doubletree-by-hilton-hotel-london-heathrow-airport-LHRCLDI/index.html?WT.mc_id=zELWAKN0EMEA1DT2DMH3LocalSearch4DGGenericx6LHRCLDI,doubletree3.hilton.com
http://doubletree3.hilton.com/en/hotels/united-kingdom/doubletree-by-hilton-hotel-nottingham-gateway-EMANUDI/index.html?WT.mc_id=zELWAKN0EMEA1DT2DMH3LocalSearch4DGGenericx6EMANUDI,doubletree3.hilton.com
http://doubletree3.hilton.com/en/hotels/united-kingdom/doubletree-by-hilton-hotel-southampton-SOUHNDI/index.html?WT.mc_id=zKREC0GB1DT2NaturalSearch3Google_LGHotelListing4DGGeneric_Dec5LocalSearch6SOUHNDI7EN8i1,doubletree3.hilton.com
http://doubletree3.hilton.com/en/hotels/united-kingdom/doubletree-by-hilton-london-greenwich-LONGWDI/index.html?WT.mc_id=zKREC0GB1DT2NaturalSearch3Google_LGHotelListing4DGGeneric_Feb5LocalSearch6LONGWDI7RU8i1,doubletree3.hilton.com
http://doubletree3.hilton.com/en/hotels/united-kingdom/doubletree-by-hilton-reading-m4-j10-LHRREDI/index.html?WT.mc_id=zVSEC0GB1DT2NaturalSearch3GoogleMyBusiness4luau-readingj40m10_Oct5luau6LHRREDI7EN8i1,doubletree3.hilton.com
http://dovetonhouse.co.za/contact/,dovetonhouse.co.za
http://draaiberg.weebly.com/,draaiberg.weebly.com
http://dragonandeagle.co.za/contact-and-location/,dragonandeagle.co.za
http://dreamersguesthouse.co.za/,dreamersguesthouse.co.za
http://dublinsabie.co.za/,dublinsabie.co.za
http://duklooflodge.co.za/,duklooflodge.co.za
http://dunerose.co.za/,dunerose.co.za
http://dunkeldmanor.co.za/,dunkeldmanor.co.za
http://dunnscastle.com/,dunnscastle.com
http://dunranchhouse.co.za/,dunranchhouse.co.za
http://durban.royalhotel.xyz/,durban.royalhotel.xyz
http://dusk2dawn.co.za/,dusk2dawn.co.za
http://dwarswegstrand.co.za/,dwarswegstrand.co.za
http://dwerguiltjie.co.za/,dwerguiltjie.co.za
http://dynastyjamaicahotel.com/,dynastyjamaicahotel.com
http://dzongaroyal.co.za/,dzongaroyal.co.za
http://eaglesnestbandb.co.za/,eaglesnestbandb.co.za
http://eastaytonlodgehotel.com/,eastaytonlodgehotel.com
http://ecoedenbushlodge.co.za/,ecoedenbushlodge.co.za
http://ecoparklodge.za-southafrica.com/,ecoparklodge.za-southafrica.com
http://edennook.co.za/,edennook.co.za
http://edenpark.co.za,edenpark.co.za
http://edenplaceaccommodation.southafricahotels.website/,edenplaceaccommodation.southafricahotels.website
http://edenwilds.co.za/,edenwilds.co.za
http://eduzani.co.za/,eduzani.co.za
http://eendag.co.za/,eendag.co.za
http://eendracht-hotel.com/,eendracht-hotel.com
http://ekuthulenihouse.co.za/,ekuthulenihouse.co.za
http://elandsrus.co.za/,elandsrus.co.za
http://elephantleisureresort.co.za/,elephantleisureresort.co.za
http://elephantsfootprint.co.za/,elephantsfootprint.co.za
http://elgincountrylodge.co.za/,elgincountrylodge.co.za
http://elindalehouse.com.au/,elindalehouse.com.au
http://ellenichaaccommodation.co.za/,ellenichaaccommodation.co.za
http://ellysdarlingbedbreakfast.co.za/,ellysdarlingbedbreakfast.co.za
http://elohimsplace.co.za/,elohimsplace.co.za
http://elsajjacobs.wixsite.com/suikerbekkie/contact,elsajjacobs.wixsite.com
http://endlessvineyards.co.za/,endlessvineyards.co.za
http://engelzand.com/,engelzand.com
http://engelzicht.com/,engelzicht.com
http://ermelobackpackers.co.za/,ermelobackpackers.co.za
http://essexguestfarm.wixsite.com/essex,essexguestfarm.wixsite.com
http://eureka-accommodation.co.za/,eureka-accommodation.co.za
http://eveningprimrose.co.za/bela-bela-accommodation-contact-details,eveningprimrose.co.za
http://executiveinn-marianna.us/,executiveinn-marianna.us
http://experience1880.com/Home/,experience1880.com
http://explorerstentedcamps.com/lions-rock-river-lodge/,explorerstentedcamps.com
http://ezulwiniresorts.com/?page_id=36,ezulwiniresorts.com
http://faircity.co.za/faircity-hotels/faircity-junction/,faircity.co.za
http://faircity.co.za/faircity-hotels/mapungubwe-faircity-hotel-johannesburg/facilities/restaurant/,faircity.co.za
http://faircity.co.za/faircity-hotels/mapungubwe-hotel-johannesburg/,faircity.co.za
http://faircity.co.za/faircity-hotels/quatermain-accommodation-sandton/,faircity.co.za
http://faircity.co.za/faircity-hotels/roodevallei-accommodation-pretoria/,faircity.co.za
http://fairviewplace.southafricahotels.website/,fairviewplace.southafricahotels.website
http://falmouthholidayhomes.co.uk/properties/driftwood,falmouthholidayhomes.co.uk
http://farawayfieldsfarm.com/,farawayfieldsfarm.com
http://farhillshotel.co.za/,farhillshotel.co.za
http://farmhousecottage.co.za/,farmhousecottage.co.za
http://fb.com/wdingchateauryalejamaica,fb.com
http://featherbrook-cottage.business.site/,featherbrook-cottage.business.site
http://ferryhotel.co.za/,ferryhotel.co.za
http://ferrymaninn.co.za/,ferrymaninn.co.za
http://fijnbosch.co/,fijnbosch.co
http://fisherhavenguesthouse.co.za/,fisherhavenguesthouse.co.za
http://fishriverresort.co.za/,fishriverresort.co.za
http://flamingorest.southafricahotels.website/,flamingorest.southafricahotels.website
http://florisbad.co.za/,florisbad.co.za
http://flynnshill.com.au/,flynnshill.com.au
http://foothillsconferencecentre.com.au/,foothillsconferencecentre.com.au
http://founderslodgebymantis.com/,founderslodgebymantis.com
http://foundryguestlodge.co.za/,foundryguestlodge.co.za
http://fountainshotel.co.za/,fountainshotel.co.za
http://fourrosmead.com/,fourrosmead.com
http://fourteenthgreen.co.za/,fourteenthgreen.co.za
http://foxden.co.za/,foxden.co.za
http://fraaiuitsig-guesthouse.business.site/,fraaiuitsig-guesthouse.business.site
http://fraaiuitsig.co.za/,fraaiuitsig.co.za
http://frameace.co.za/accommodation.asp,frameace.co.za
http://friedseplek.co.za/,friedseplek.co.za
http://fuchsiabankcottage.co.uk/,fuchsiabankcottage.co.uk
http://fumanigamelodge.co.za/,fumanigamelodge.co.za
http://fynbosfeniks.co.za/,fynbosfeniks.co.za
http://gablesmotel.ca/,gablesmotel.ca
http://gaisejour.co.za/,gaisejour.co.za
http://gamagaralodge.co.za/location.html,gamagaralodge.co.za
http://gardengroupzambia.com/the-ndeke-hotel-2/,gardengroupzambia.com
http://gardenrouteaccom.co.za/,gardenrouteaccom.co.za
http://gardenviewsuite.co.za/,gardenviewsuite.co.za
http://gatwick.arorahotels.com/,gatwick.arorahotels.com
http://gatz.co.za/,gatz.co.za
http://geckobushlodge.co.za/,geckobushlodge.co.za
http://geluksdam.co.za/,geluksdam.co.za
http://gerhardc0.wix.com/the-plover-b-and-b,gerhardc0.wix.com
http://ggguesthouse.com-johannesburg.com/,ggguesthouse.com-johannesburg.com
http://ggsalon.business.site/,ggsalon.business.site
http://ghandisbackpackers.co.za/,ghandisbackpackers.co.za
http://gkennzyguesthouse.co.za/,gkennzyguesthouse.co.za
http://glasshouseinthewinelands.southafricahotels.website/,glasshouseinthewinelands.southafricahotels.website
http://glengarrifflodge.co.za/,glengarrifflodge.co.za
http://glenhavencottages.co.za/,glenhavencottages.co.za
http://glenogle.co.za/,glenogle.co.za
http://glenvista-conference-and-eventing.co.za/,glenvista-conference-and-eventing.co.za
http://go-west.co.za/,go-west.co.za
http://gocountrydullstroom.co.za/,gocountrydullstroom.co.za
http://goldengatehotel.co.za/,goldengatehotel.co.za
http://goldenkeyguesthouse.com/,goldenkeyguesthouse.com
http://goo.gl/jLXUHn,goo.gl
http://gopenghighland.gbs2u.com/,gopenghighland.gbs2u.com
http://gorah.hunterhotels.com/,gorah.hunterhotels.com
http://gothiccottageholidayrental.co.uk/,gothiccottageholidayrental.co.uk
http://graceland-lifestylecentre.com/,graceland-lifestylecentre.com
http://granddaddy.co.za/,granddaddy.co.za
http://granderoche.com/,granderoche.com
http://grandmidwayhotel.com/,grandmidwayhotel.com
http://grandriverhotelllc.com/,grandriverhotelllc.com
http://grantmoormotorlodgect.us/,grantmoormotorlodgect.us
http://greatsouthernhotel.com.au/great-southern-hotel-perth/,greatsouthernhotel.com.au
http://greenfig-guesthouse.co.za/,greenfig-guesthouse.co.za
http://greenfountainfarm.co.za/,greenfountainfarm.co.za
http://greengablespa.com/overnight-stays/,greengablespa.com
http://greenman-guesthouse.co.uk/,greenman-guesthouse.co.uk
http://greensideaccommodation.co.za/,greensideaccommodation.co.za
http://greytownhigh.co.za/wheretostay.html,greytownhigh.co.za
http://grootmaricoguesthouse.co.za/,grootmaricoguesthouse.co.za
http://grootmaricoguesthouse.co.za/,grootmaricoguesthouse.co.za
http://guesthousekemptonpark.co.za/,guesthousekemptonpark.co.za
http://guesthousekestrels.co.za/,guesthousekestrels.co.za
http://guineafeather.co.za/,guineafeather.co.za
http://gullonthebay.com/,gullonthebay.com
http://gulls.co.za/,gulls.co.za
http://gurutours.co.za/,gurutours.co.za
http://gvcourtyardsuites.com/,gvcourtyardsuites.com
http://hacienda-hotel.co.za/index.html,hacienda-hotel.co.za
http://hadedahouse109.wixsite.com/hadedahouse,hadedahouse109.wixsite.com
http://halfmoonreedness.co.uk/,halfmoonreedness.co.uk
http://hallmarkhouse.com-johannesburg.com/,hallmarkhouse.com-johannesburg.com
http://hamiltonsboutiquehotel.co.uk/,hamiltonsboutiquehotel.co.uk
http://hamptoninn3.hilton.com/en/hotels/maryland/hampton-inn-and-suites-arundel-mills-baltimore-BALAMHX/index.html,hamptoninn3.hilton.com
http://hamptoninn3.hilton.com/en/hotels/michigan/hampton-inn-holland-HLDMIHX/index.html,hamptoninn3.hilton.com
http://hamptoninn3.hilton.com/en/hotels/minnesota/hampton-inn-and-suites-minneapolis-downtown-MSPMDHX/index.html,hamptoninn3.hilton.com
http://hamptoninn3.hilton.com/en/hotels/netherlands/hampton-by-hilton-amsterdam-arena-boulevard-AMSZUHX/index.html?WT.mc_id=zELWAKN0EMEA1HP2DMH3LocalSearch4DGGenericx6AMSZUHX,hamptoninn3.hilton.com
http://hamptoninn3.hilton.com/en/hotels/netherlands/hampton-by-hilton-amsterdam-centre-east-AMSHXHX/index.html?WT.mc_id=zELWAKN0EMEA1HP2DMH3LocalSearch4DGGenericx6AMSHXHX,hamptoninn3.hilton.com
http://hamptoninn3.hilton.com/en/hotels/united-kingdom/hampton-by-hilton-liverpool-city-centre-LPLLCHX/index.html?WT.mc_id=zELWAKN0EMEA1HP2DMH3LocalSearch4DGGenericx6LPLLCHX,hamptoninn3.hilton.com
http://hamptoninn3.hilton.com/en/hotels/united-kingdom/hampton-by-hilton-liverpool-john-lennon-airport-LPLJLHX/index.html?WT.mc_id=zELWAKN0EMEA1HP2DMH3LocalSearch4DGGenericx6LPLJLHX,hamptoninn3.hilton.com
http://hamptoninn3.hilton.com/en/index.html,hamptoninn3.hilton.com
http://hanlibarnard.wixsite.com/la-barune-property,hanlibarnard.wixsite.com
http://happyhippofarm.co.za/,happyhippofarm.co.za
http://harelodgeholidays.co.uk/,harelodgeholidays.co.uk
http://harmonyhavenretreat.co.za/,harmonyhavenretreat.co.za
http://hartebeeskraal.co.za/,hartebeeskraal.co.za
http://hartenbosakkommodasie.co.za/,hartenbosakkommodasie.co.za
http://hausenzian.co.za/,hausenzian.co.za
http://havenbreak.co.za/,havenbreak.co.za
http://hayeshotel.ie/,hayeshotel.ie
http://hazybackpack.weebly.com/,hazybackpack.weebly.com
http://hazyviewbuffalogamelodge.com/,hazyviewbuffalogamelodge.com
http://heartandsoulinn.wix.com/home,heartandsoulinn.wix.com
http://heidelberglodge.co.za/,heidelberglodge.co.za
http://heidisplace.co.za/,heidisplace.co.za
http://hellogardenroute.co.za/listing/amber-light-wilderness-beach-cottages/,hellogardenroute.co.za
http://hemelenaardeaccommodation.co.za/,hemelenaardeaccommodation.co.za
http://henniesrest.com/,henniesrest.com
http://heroncliffaccommodation.co.za/,heroncliffaccommodation.co.za
http://hetslot.co.za/,hetslot.co.za
http://hideawaycapetown.co.za/,hideawaycapetown.co.za
http://hieparamusnj.com/,hieparamusnj.com
http://highcorner.co.za/,highcorner.co.za
http://highgrovelodge.com/,highgrovelodge.com
http://highgrovewoodend.com,highgrovewoodend.com
http://highrocksbeachhouse.co.za/,highrocksbeachhouse.co.za
http://highwayaccommodation.co.za/,highwayaccommodation.co.za
http://highwinds.co.za/page.php?pageid=61,highwinds.co.za
http://hillbillion.co.za/,hillbillion.co.za
http://hillsidemanorbloemfontein.co.za/,hillsidemanorbloemfontein.co.za
http://hillviewguesthouse.co.za/,hillviewguesthouse.co.za
http://hiltongardeninn3.hilton.com/en/hotels/albania/hilton-garden-inn-tirana-TIAGIGI/index.html?WT.mc_id=zVSEC0AL1GI2NaturalSearch3GoogleMyBusiness4luau_tirana_Apr5luau6TIAGIGI7EN8i1,hiltongardeninn3.hilton.com
http://hiltongardeninn3.hilton.com/en/hotels/california/hilton-garden-inn-arcadia-pasadena-area-PASPAGI/index.html,hiltongardeninn3.hilton.com
